Description;IAPS;ValenceMean;ValenceSD;ArousalMean;ArousalSD;set
Snake;1019;3.95;1.96;5.77;1.83;12
Snake;1022;4.26;2.04;6.02;1.97;12
Snake;1026;4.09;1.91;5.61;2.23;16
Snake;1030;4.3;2.35;5.46;2.43;1
Snake;1033;3.87;1.94;6.13;2.15;18
Snake;1040;3.99;2.24;6.25;2.13;1
Snake;1050;3.46;2.15;6.87;1.68;6
Snake;1051;3.8;1.75;5.95;1.98;12
Snake;1052;3.5;1.87;6.52;2.23;11
Snake;1070;3.96;2.3;6.16;2.08;1
Snake;1080;4.24;2.08;5.69;2.28;1
Snake;1090;3.7;1.9;5.88;2.15;2
Snake;1101;4.1;1.85;5.83;2.25;11
Snake;1110;3.84;1.89;5.96;2.16;2
Snakes;1111;3.25;1.64;5.2;2.25;7
Snake;1112;4.71;1.7;4.6;2.44;8
Snake;1113;3.81;1.75;6.06;2.12;8
Snake;1114;4.03;2.16;6.33;2.17;14
Snake;1120;3.79;1.93;6.93;1.68;3
Lizard;1121;5.79;1.61;4.83;1.98;11
Lizard;1122;5.15;1.71;4.32;2.16;18
Spider;1200;3.95;2.22;6.03;2.38;1
Spider;1201;3.55;1.88;6.36;2.11;7
Spider;1202;3.35;1.77;5.94;2.17;20
Spider;1205;3.65;1.76;5.79;2.18;14
Spider;1220;3.47;1.82;5.57;2.34;1
Spider;1230;4.09;1.63;4.85;2.25;1
Spider;1230;4.61;1.74;4.03;2.41;2
Spider;1240;4.22;1.94;4.92;2.17;1
Roach;1270;3.68;1.85;4.77;2.44;4
Roaches;1271;3.19;1.64;5.37;2.44;19
Roaches;1274;3.17;1.53;5.39;2.39;5
Roaches;1275;3.3;1.65;4.81;2.22;6
Rat;1280;3.66;1.75;4.93;2.01;4
PitBull;1300;3.55;1.78;6.79;1.84;3
Dog;1301;3.7;1.66;5.77;2.18;8
Dog;1302;4.21;1.78;6;1.87;7
Dog;1303;4.68;2.11;5.7;2.04;11
AttackDog;1304;3.37;1.58;6.37;1.93;17
Leopard;1310;4.6;1.62;6;1.8;3
Frog;1313;5.65;1.47;4.39;2.03;11
Bear;1321;4.32;1.87;6.64;1.89;12
Parrots;1333;6.11;1.5;3.17;1.97;13
Women;1340;7.13;1.57;4.75;2.31;11
Pig;1350;5.25;1.96;4.37;1.76;20
Bees;1390;4.5;1.56;5.29;1.97;3
Ferret;1410;7;1.45;4.17;2.02;18
Birds;1419;6.54;1.45;3.48;1.95;13
Seal;1440;8.19;1.53;4.61;2.54;6
PolarBears;1441;7.97;1.28;3.94;2.38;15
Gannet;1450;6.37;1.62;2.83;1.87;1
Kitten;1460;8.21;1.21;4.31;2.63;5
Kittens;1463;7.45;1.76;4.79;2.19;8
Dog;1500;7.24;1.88;4.12;2.5;1
DogRace;1505;4.13;1.66;4.73;1.83;17
Dog;1510;7.01;2.07;4.28;2.47;1
AttackDog;1525;3.09;1.72;6.51;2.25;13
Cat;1540;7.15;1.96;4.54;2.35;1
Hawk;1560;5.97;2.32;5.51;2.19;1
Horse;1590;7.18;1.64;4.74;2.13;2
Horse;1590;7.24;1.45;4.8;2.1;3
Pony;1595;6.22;1.64;4.79;2.09;19
Horse;1600;7.37;1.56;4.05;2.37;1
Giraffes;1601;6.86;1.51;3.92;2.07;8
Butterfly;1602;6.5;1.64;3.43;1.96;8
Butterfly;1603;6.9;1.48;3.37;2.2;10
Butterfly;1604;7.11;1.41;3.3;2.17;9
Butterfly;1605;6.59;1.56;3.43;2.02;19
Rabbit;1610;7.82;1.34;3.08;2.19;1
Rabbit;1610;7.69;1.34;3.98;2.4;2
Bird;1616;5.21;1.12;3.95;1.95;11
Mole;1617;4.23;1.68;5.34;2.41;16
Antelope;1620;7.37;1.56;3.54;2.34;1
Fawn;1630;7.26;1.48;4.45;2.45;20
Coyote;1640;6.27;2.22;5.13;2.2;1
Coyote;1640;6.16;1.88;5.18;1.93;2
Wolf;1645;4.99;1.64;5.14;1.99;18
Jaguar;1650;6.65;2.25;6.23;1.99;1
Gorilla;1659;6.57;1.98;4.89;1.97;20
Gorilla;1660;6.49;1.89;4.57;2.39;1
Orangutan;1661;6.14;1.56;4.05;2.05;14
Cow;1670;6.81;1.76;3.05;1.91;1
Cow;1670;5.82;1.63;3.33;1.98;2
Buffalo;1675;5.24;1.48;4.37;2.15;15
Puppies;1710;8.34;1.12;5.41;2.34;3
Lion;1720;6.79;1.56;5.32;1.82;3
Lion;1721;7.3;1.39;4.53;2.21;10
Jaguars;1722;7.04;2.02;5.22;2.49;12
Tiger;1726;4.79;2.1;6.23;2.19;14
Lion;1731;7.07;1.58;4.56;2.5;14
Owl;1740;6.91;1.38;4.27;2.03;3
Bunnies;1750;8.28;1.07;4.1;2.31;3
Hippo;1810;6.52;1.49;4.45;2.11;5
Monkeys;1811;7.62;1.59;5.12;2.25;7
Elephants;1812;6.83;1.33;3.6;2.11;9
Crocodile;1820;5.35;2.05;5.67;2.09;19
Camels;1850;6.15;1.52;4.06;2.14;12
Fish;1900;6.65;1.8;3.46;2.32;4
Shrimp;1903;5.5;1.68;4.25;1.95;17
Jellyfish;1908;5.28;1.53;4.88;2.15;17
Grouper;1910;6.71;1.8;3.29;2.29;4
Porpoise;1920;7.9;1.48;4.27;2.53;4
Shark;1930;3.79;1.92;6.42;2.07;4
Shark;1931;4;2.28;6.8;2.02;7
Shark;1932;3.85;2.11;6.47;2.2;13
HermitCrab;1935;4.88;1.44;4.29;1.95;14
Turtles;1942;6.26;1.76;4.01;2.05;12
Turtle;1945;4.59;1.68;4.42;2.03;11
Octopus;1947;5.85;1.77;4.35;2.37;13
Mickey;1999;7.43;1.47;4.77;2.4;8
Adult;2000;6.51;1.83;3.32;2.07;1
Man;2002;4.95;1.36;3.35;1.87;18
AttractiveMan;2005;6;1.82;4.07;2.44;13
Adult;2010;6.25;1.84;3.32;2.07;1
VeiledWoman;2018;5.56;1.49;4.92;2.15;20
AttractiveFem;2019;6.07;1.32;4.31;2.28;18
Adult;2020;5.68;1.99;3.34;1.89;1
Woman;2025;5.78;1.26;4.3;2.16;14
Woman;2026;4.82;0.95;3.4;1.84;17
Woman;2030;6.71;1.73;4.54;2.37;2
Makeup;2032;5.58;1.24;4;2.12;20
Cheerleaders;2034;5.9;1.63;4.93;2.21;20
Kid;2035;7.52;1.33;3.69;2.11;18
Woman;2036;5.8;1.28;3.24;1.88;18
Woman;2037;6.42;1.24;3.35;2.04;15
NeuWoman;2038;5.09;1.35;2.94;1.93;16
Woman;2039;3.65;1.44;3.46;1.94;18
Baby;2040;8.17;1.6;4.64;2.54;1
Baby;2045;7.87;1.19;5.47;2.34;17
Baby;2050;8.2;1.31;4.57;2.53;1
Baby;2053;2.47;1.87;5.25;2.46;8
ManInPool;2055.1;3.15;1.84;4.95;2.11;14
ManInPool;2055.2;6.4;1.75;4.45;2.18;13
Diving;2056;6.34;1.3;4.63;1.9;18
Father;2057;7.81;1.28;4.54;2.41;10
Baby;2058;7.91;1.26;5.09;2.48;11
Baby;2060;6.49;1.59;3.8;2.02;18
Baby;2070;8.17;1.46;4.51;2.74;4
Baby;2071;7.86;1.32;5;2.34;14
Baby;2075;7.32;1.65;5.27;2.27;20
Babies;2080;8.09;1.47;4.7;2.59;4
Girls;2091;7.68;1.43;4.51;2.28;7
Clowns;2092;6.28;1.9;4.32;2.29;7
Toddler;2095;1.79;1.18;5.25;2.34;14
AngryFace;2100;3.85;1.99;4.53;2.57;1
Man;2101;4.49;1.34;3.46;1.86;17
NeuMan;2102;5.16;0.96;3.03;1.87;16
NeuWoman;2104;4.42;1.09;3.11;1.84;15
Male;2107;5.53;1.05;3.72;2.12;20
AngryFace;2110;3.71;1.82;4.53;2.25;1
PiercedFace;2115;3.83;1.7;4.98;2;19
AngryFace;2120;3.34;1.91;5.18;2.52;1
TongueOut;2122;5.15;1.82;4.59;1.91;19
Woman;2130;4.08;1.33;5.02;2;2
GrievingFem;2141;2.44;1.64;5;2.03;11
Baby;2150;7.92;1.59;5;2.63;2
Father/Child;2151;7.32;1.63;4.37;2.13;19
Mother;2152;6.93;1.42;4.5;2.25;16
Mother;2153;6.98;1.5;4.4;2.24;15
Family;2154;8.03;1.13;4.48;2.31;16
Pregnant;2155;6.78;1.97;5.43;2.09;20
Family;2156;7.12;1.46;4.34;2.11;17
Children;2158;7.31;1.48;5;2.2;20
Father;2160;7.58;1.69;5.16;2.18;3
Father;2165;7.63;1.48;4.55;2.55;9
Mother;2170;7.55;1.42;4.08;2.48;4
Man;2190;4.83;1.28;2.41;1.8;4
Farmer;2191;5.3;1.62;3.61;2.14;14
NeutFace;2200;4.79;1.38;3.18;2.17;1
Hospital;2205;1.95;1.58;4.53;2.23;6
Fingerprint;2206;4.06;1.4;3.71;2.03;10
Bride;2208;7.35;1.68;5.68;2.34;11
Bride;2209;7.64;1.46;5.59;2.37;11
NeutFace;2210;4.38;1.64;3.56;2.21;1
NeutFace;2210;4.7;0.93;3.08;1.76;2
Man;2211;5.19;1.69;4.05;2.07;17
NeutMan;2214;5.01;1.12;3.46;1.97;11
NeutMan;2215;4.63;1.24;3.38;2;12
Children;2216;7.57;1.31;5.83;2.2;11
Class;2217;6.24;1.52;4.08;1.85;17
MaleFace;2220;5.03;1.39;4.93;1.65;3
Judge;2221;4.39;1.21;3.07;2.08;9
BoysReading;2222;7.11;1.54;4.08;2.15;14
Boys;2224;7.24;1.58;4.85;2.11;14
SadFace;2230;4.53;1.22;4.13;1.68;3
Butcher;2235;5.64;1.27;3.36;1.92;13
NeutChild;2240;6.53;1.48;3.75;2.14;10
NeutBaby;2250;6.64;2.26;4.19;2.28;1
NeutBaby;2260;8.06;1.42;4.26;2.44;1
NeutChild;2270;6.28;1.62;3.15;2.03;9
Woman;2271;4.2;1.26;3.74;1.69;11
LonelyBoy;2272;4.5;1.78;3.74;1.94;13
Boy;2273;5.41;1.55;3.52;1.81;17
Kids;2274;7.47;1.51;4.22;2.05;19
Girl;2276;2.67;1.66;4.63;1.93;12
Kids;2278;3.36;1.57;4.55;2.02;14
Braces;2279;4.71;1.55;3.74;1.83;18
Boy;2280;4.22;1.54;3.77;1.89;12
Family;2299;7.27;1.53;3.95;2.22;13
AttractiveFem;2300;7.04;1.35;5.55;2.04;17
KidCry;2301;2.78;1.38;4.57;1.96;17
ChildCamera;2302;6.43;1.32;3.64;1.94;19
Children;2303;6.83;2.07;5.53;2.1;12
Girl;2304;7.22;1.31;3.63;2.15;11
Woman;2305;5.41;1.12;3.63;2.04;16
Boy;2306;7.08;1.37;4.46;2.11;15
GirlMakeup;2308;5.22;1.62;3.82;2.15;19
GirlCow;2309;4.89;1.71;4.33;1.92;18
Mother;2310;7.06;1.52;4.16;2.01;12
Mother;2311;7.54;1.37;4.42;2.28;10
Mother;2312;3.71;1.64;4.02;1.66;12
Binoculars;2314;7.55;1.24;4;2.01;18
Girl;2320;6.17;1.51;2.9;1.89;10
Chef;2331;7.24;1.72;4.3;2.38;12
Family;2332;7.64;1.6;4.3;2.29;15
Father;2339;6.72;1.34;4.16;1.9;15
Family;2340;8.03;1.26;4.9;2.2;3
Children;2341;7.38;1.59;4.11;2.31;9
Children;2342;6.2;1.55;4.06;2.02;17
Children;2344;6.72;1.89;4.71;2.04;12
Children;2345;7.41;1.72;5.42;2.47;12
BlackEye;2345.1;2.26;1.46;5.5;2.34;17
Kids;2346;7.05;1.53;5.28;2.28;14
Children;2347;7.83;1.36;5.56;2.34;20
NursingBaby;2351;5.49;2.04;4.74;2.05;8
Kiss;2352;6.94;1.87;4.99;1.98;8
Kiss;2352.1;7.27;1.79;5.16;2.17;11
BloodyKiss;2352.2;2.09;1.5;6.25;2.1;12
Man;2357;5.41;1.36;3.33;2.07;14
Family;2358;6.56;1.7;3.73;2.04;15
Mother/Child;2359;5.87;1.41;3.94;1.73;17
Family;2360;7.7;1.76;3.66;2.32;4
Girl&Dog;2362;6.74;1.34;4.6;2.09;15
ThreeMen;2370;7.14;1.46;2.9;2.14;4
Woman;2372;5.48;1.63;4.09;1.99;11
Band;2373;6.97;1.32;4.5;2.08;16
Woman;2374;6.29;1.27;3.86;2.18;17
Woman;2375.1;2.2;1.31;4.88;2.21;14
AttractiveFem;2375.2;6.34;1.54;4.3;2.29;13
Reading;2377;5.19;1.31;3.5;1.95;19
Girl;2381;5.25;1.22;3.04;1.97;9
Artist;2382;5.67;1.19;3.75;1.97;19
Secretary;2383;4.72;1.36;3.41;1.83;12
Fisherman;2384;5.92;1.47;3.41;2.04;20
Girl;2385;5.2;1.32;3.64;1.81;11
Kids;2387;7.12;1.58;3.97;2.18;13
Kids;2388;7.44;1.44;3.77;2.21;13
Teens;2389;6.61;1.69;5.63;2;12
Couple;2390;5.4;1.18;3.57;1.92;19
Boy;2391;7.11;1.77;4.63;2.43;6
ManW/Fish;2392;6.15;1.49;3.85;1.97;19
Factoryworker;2393;4.87;1.06;2.93;1.88;13
Medicalworker;2394;5.76;1.74;3.89;2.26;13
Family;2395;7.49;1.69;4.19;2.4;13
Couple;2396;4.91;1.05;3.34;1.83;16
Men;2397;4.98;1.11;2.77;1.74;15
Boat;2398;7.48;1.32;4.74;2.11;16
Woman;2399;3.69;1.4;3.93;2.01;14
Woman;2400;4.21;1.34;4.2;2.1;20
Boy;2410;4.62;1.72;4.13;2.29;5
Girl;2411;5.07;0.85;2.86;1.84;18
Mom/Son;2435;5.84;1.27;3.94;1.93;14
NeutGirl;2440;4.49;1.03;2.63;1.7;10
NeutralGirl;2441;4.64;1.28;3.62;1.96;13
DryingHair;2442;6.17;1.4;4.04;1.89;14
Feet;2445;5.39;1.39;3.83;1.91;16
Boots;2446;4.7;1.04;3.79;1.88;15
SadGirls;2455;2.96;1.79;4.46;2.12;13
CryingFamily;2456;2.84;1.27;4.55;2.16;18
CryingBoy;2457;3.2;1.51;4.94;2.01;19
CryingBaby;2458;4.69;1.88;5.28;1.88;20
ElderlyMan;2480;4.77;1.64;2.66;1.78;9
Amerindian;2484;5;1.35;3.75;1.9;18
Man;2485;5.69;1.36;3.74;1.84;11
Musician;2487;5.2;1.8;4.05;1.92;12
Musician;2488;5.73;1.14;3.91;1.87;17
Musician;2489;5.66;1.44;3.8;1.93;19
Man;2490;3.32;1.82;3.95;2;5
SickMan;2491;4.14;1.29;3.41;1.73;13
NeutralMale;2493;4.82;1.27;3.34;2.1;13
Man;2495;5.22;1.1;3.19;1.76;11
NeutralMale;2499;5.34;1.43;3.08;1.73;13
Man;2500;6.16;1.54;3.61;1.91;2
Couple;2501;6.89;1.78;3.09;2.21;6
Woman;2506;5.67;1.23;3.5;1.94;15
ElderlyWoman;2510;6.91;1.91;4;2.1;2
Woman;2511;6.21;1.62;3.41;1.96;19
Man;2512;4.86;0.84;3.46;1.75;16
Woman;2513;5.8;1.29;3.29;1.67;15
Woman;2514;5.19;1.09;3.5;1.81;11
Harvest;2515;6.09;1.54;3.8;2.12;11
ElderlyWoman;2516;4.9;1.43;3.5;1.88;12
Quilting;2518;5.67;1.66;3.31;1.88;11
ElderlyMan;2520;4.13;1.9;4.22;1.69;3
ManW/Dog;2521;5.78;1.52;4.1;1.85;20
Women;2525;4.06;1.93;3.93;2.16;19
Couple;2530;7.8;1.55;3.99;2.11;3
Mother;2540;7.63;1.51;3.97;2.33;3
Couple;2550;7.77;1.43;4.68;2.43;5
Picnic;2560;6.34;1.53;3.49;2.07;10
Man;2570;4.78;1.24;2.76;1.92;10
Propeller;2575;5.46;1.15;4.16;2.1;11
Bakers;2579;5.53;1.35;3.85;2;14
Chess;2580;5.71;1.41;2.79;1.78;9
ElderlyWoman;2590;3.26;1.92;3.93;1.94;5
Men;2593;5.8;1.34;3.42;1.84;16
City;2594;6.05;1.31;3.84;1.98;15
Women;2595;4.88;1.24;3.71;1.88;14
Market;2597;5.61;1.26;4.09;2.1;16
Family;2598;7.19;1.3;3.73;1.84;15
Beer;2600;5.84;1.85;4.16;1.74;3
Dance;2605;6.26;1.45;5.03;2.16;16
Dance;2606;5.92;1.58;4.78;2.21;15
Dancer;2616;5.97;1.77;4.96;2.05;12
Woman;2620;5.93;1.63;2.72;2.16;4
Male;2630;6.35;1.92;3.92;2.53;4
Cowboy;2635;5.22;1.65;4.42;1.98;14
Boy;2650;7.27;1.67;4.28;2.41;6
Child;2655;6.88;2.09;4.57;2.19;12
Baby;2660;7.75;1.48;4.44;2.41;5
Baby;2661;3.9;2.49;5.76;2.13;7
Police;2681;4.04;1.6;4.97;2.26;10
Police;2682;3.69;1.65;4.48;2.1;9
War;2683;2.62;1.78;6.21;2.15;13
Hunters;2688;2.73;2.07;5.98;2.22;14
Terrorist;2690;4.78;1.43;4.02;2.07;4
Riot;2691;3.04;1.73;5.85;2.03;7
Bomb;2692;3.36;1.61;5.35;2.19;10
Police;2694;3.55;1.72;5.05;2.16;13
Refugees;2695;4.01;1.58;4.47;1.92;13
Woman;2700;3.19;1.56;4.77;1.97;4
BingeEating;2702;5.21;1.61;3.92;2.34;9
SadChildren;2703;1.91;1.26;5.78;2.25;16
Soldiers;2704;4.85;1.89;5.3;2.16;15
DrugAddict;2710;2.52;1.69;5.46;2.29;4
Smoking;2715;3.28;1.95;4.35;2.27;13
Pipe;2716;3.54;1.79;4.97;2.24;16
DrugAddict;2717;2.58;1.32;5.7;2.16;16
DrugAddict;2718;3.65;1.58;4.46;2.03;15
Urinating;2720;5.43;1.59;3.43;1.91;4
Jail;2722;3.47;1.65;3.52;2.05;9
NativeBoy;2730;2.45;2.25;6.8;2.21;4
Shopping;2745.1;5.31;1.08;3.26;1.96;14
Shoplifter;2745.2;3.91;2;5.17;2.14;13
Smoking;2749;5.04;1.39;3.76;2.03;12
Bum;2750;2.56;1.32;4.31;1.81;6
DrunkDriving;2751;2.67;1.87;5.18;2.39;9
Alcoholic;2752;4.07;1.84;4.3;1.94;10
Alcoholic;2753;3.17;1.75;4.29;2.22;10
Mask;2770;4.37;1.69;5.11;2.05;15
Actor;2780;4.77;1.76;4.86;2.05;13
Balloons;2791;6.64;1.7;3.83;2.09;8
Boy;2795;3.92;1.77;4.7;2;14
Funeral;2799;2.42;1.41;5.02;1.99;15
SadChild;2800;1.78;1.14;5.49;2.11;4
Boy;2810;4.31;1.65;4.47;1.92;4
Gun;2811;2.17;1.38;6.9;2.22;15
Woman;2830;4.73;1.6;3.64;2.23;9
Chess;2840;4.91;1.52;2.43;1.82;6
Tourist;2850;5.22;1.39;3;1.94;10
Teenager;2870;5.31;1.41;3.01;1.72;9
Shadow;2880;5.18;1.44;2.96;1.94;9
Twins;2890;4.95;1.09;2.95;1.87;9
CryingBoy;2900;2.45;1.42;5.09;2.15;5
CryingBoy;2900.1;2.56;1.41;4.61;2.07;11
SmilingGirl;2900.2;6.62;1.97;4.52;1.92;12
FoodBasket;2980;5.61;1.5;3.09;1.91;13
DeerHead;2981;2.76;1.94;5.97;2.12;14
Mutilation;3000;1.45;1.2;7.26;2.1;1
Mutilation;3000;1.59;1.35;7.34;2.27;4
HeadlessBody;3001;1.62;1.14;6.64;2.54;18
OpenGrave;3005.1;1.63;1.19;6.2;2.54;14
Gold;3005.2;5.98;1.9;4.84;2.18;13
Mutilation;3010;1.71;1.19;7.16;2.24;2
Mutilation;3010;1.79;1.28;7.26;1.86;3
Accident;3015;1.52;0.95;5.9;2.82;11
Mutilation;3016;1.9;1.31;5.82;2.44;16
Mutilation;3017;2.45;1.35;5.34;2.39;15
Organs;3019;2.99;1.74;6.3;2.14;19
Scream;3022;3.7;1.91;5.88;2.08;12
Mutilation;3030;1.91;1.56;6.76;2.1;1
Mutilation;3051;2.3;1.86;5.62;2.45;8
BurnVictim;3053;1.31;0.97;6.91;2.57;7
Mutilation;3059;1.81;1.24;6.48;2.32;20
Mutilation;3060;1.79;1.56;7.12;2.09;5
Mutilation;3061;2.32;1.61;5.28;2.6;9
Mutilation;3062;1.87;1.31;5.78;2.57;9
Mutilation;3063;1.49;0.96;6.35;2.6;10
Mutilation;3064;1.45;0.97;6.41;2.62;10
Mutilation;3068;1.8;1.56;6.77;2.49;13
Mutilation;3069;1.7;1.41;7.03;2.41;13
Mutilation;3071;1.88;1.39;6.86;2.05;6
Mutilation;3080;1.48;0.95;7.22;1.97;6
BurnVictim;3100;1.6;1.07;6.49;2.23;2
BurntFace;3101;1.91;1.19;5.6;2.46;14
BurnVictim;3102;1.4;1.14;6.58;2.69;7
Injury;3103;2.07;1.27;6.06;2.3;18
BurnVictim;3110;1.79;1.3;6.7;2.16;6
DeadBody;3120;1.56;1.09;6.84;2.36;1
Mutilation;3130;1.58;1.24;6.97;2.07;1
Mutilation;3131;1.51;0.97;6.61;2.34;17
DeadBody;3140;1.83;1.17;6.36;1.97;2
Mutilation;3150;2.26;1.57;6.55;2.2;2
EyeDisease;3160;2.63;1.23;5.35;1.79;3
Mutilation;3168;1.56;1.06;6;2.46;11
BabyTumor;3170;1.46;1.01;7.21;1.99;3
BatteredFem;3180;1.92;1.13;5.77;2.21;4
BatteredFem;3181;2.3;1.43;5.06;2.11;11
Stitches;3185;2.81;1.52;5.48;2.18;18
Scar;3190;3.69;1.67;5.01;1.95;4
BatteredFem;3191;1.95;1.22;5.95;2.17;15
Stitches;3195;2.06;1.23;6.36;2.25;20
Surgery;3210;4.49;1.91;5.39;1.91;2
Surgery;3211;4.15;1.91;5.72;1.94;17
Surgery;3212;2.79;1.67;6.57;1.99;19
Surgery;3213;2.96;1.94;6.82;2;20
BurnVictim;3215;2.51;1.32;5.44;2.16;16
MedicalAssist;3216;3.28;1.64;5.37;2;15
Hospital;3220;2.49;1.29;5.52;1.86;3
Mutilation;3225;1.82;1.22;5.95;2.46;15
DyingMan;3230;2.02;1.3;5.41;2.21;3
OpenChest;3250;3.78;1.72;6.29;1.63;3
Tumor;3261;1.82;1.34;5.75;2.64;9
Injury;3266;1.56;0.98;6.79;2.09;12
DentalExam;3280;3.72;1.89;5.39;2.38;5
DisabledChild;3300;2.74;1.56;4.55;2.06;6
InjuredChild;3301;1.8;1.28;5.21;2.26;11
SickBaby;3302;4.5;2.48;5.7;2.27;16
Incubator;3310;4.37;2.54;5.43;2;19
Infant;3350;1.88;1.67;5.72;2.23;5
Fetus;3360;3.78;2.09;5.39;2.12;17
SeveredHand;3400;2.35;1.9;6.91;2.22;5
Attack;3500;2.21;1.34;6.99;2.19;5
Attack;3530;1.8;1.32;6.82;2.09;6
Injury;3550;2.54;1.6;5.92;2.13;6
PlaneCrash;3550.1;2.35;1.39;6.29;1.96;12
Coach;3550.2;4.92;1.62;5.13;2.24;11
Artist;4000;4.82;1.66;3.97;2.15;10
EroticFemale;4001;5.24;2.45;5.24;2.49;7
EroticFemale;4002;5.78;2.43;5.32;2.69;7
EroticFemale;4003;5.48;2.05;5.09;2.07;8
EroticFemale;4004;5.14;1.85;4.44;2.14;7
EroticFemale;4005;5.43;2.08;5.02;2;8
EroticFemale;4006;6.05;1.7;5.27;2.27;15
AttractiveFem;4007;6.26;1.78;5.63;2.26;17
EroticFemale;4008;5.91;2.24;5.66;2.32;19
AttractiveFem;4071;5.97;1.82;5.14;2.39;20
EroticFemale;4085;5.71;2.37;5.77;2.52;18
Bikini;4090;6.17;1.79;5.39;2.31;17
MaleDancers;4100;6.11;1.66;4.39;1.75;3
EroticFemales;4130;5.36;2.17;5.15;2.29;18
EroticFemale;4141;5.59;2.46;5.25;2.48;14
EroticFemale;4142;5.45;2.82;5.6;2.61;13
AttractiveFem;4150;6.53;1.86;4.86;2.55;5
EroticFemale;4180;6.21;2.57;5.54;2.89;1
EroticFemale;4210;5.72;2.97;6.08;2.81;1
EroticFemale;4220;8.02;1.93;7.17;2.69;2
EroticFemale;4220;6.6;1.72;5.18;2.33;3
EroticFemale;4225;6.09;1.82;5.39;2.38;15
Prostitute;4230;4.86;2.34;4.7;2.21;4
EroticFemale;4232;5.95;2.53;6.28;2.31;8
Prostitute;4233;4.56;1.86;3.96;2.15;9
EroticFemale;4235;5.39;2.5;5.29;2.75;10
EroticFemale;4240;5.34;2.44;4.88;2.75;9
AttractiveFem;4250;6.79;2.05;5.16;2.76;6
EroticFemale;4255;6.06;1.92;5.11;2.64;13
AttractiveFem;4274;5.42;1.83;4.18;2.39;10
AttractiveFem;4275;5.7;2.01;4.41;2.45;9
EroticFemale;4279;5.47;2.04;4.38;2.61;9
EroticFemale;4290;7.61;2.56;7.2;2.63;2
EroticFemale;4300;5.7;2.36;5.99;2.34;3
EroticFemale;4302;4.99;2.64;5.68;2.69;10
EroticFemale;4310;6.04;1.94;5.42;2.24;3
EroticFemale;4311;6.66;1.76;6.67;2.19;16
EroticFemale;4320;6.01;2.12;5.11;2.34;5
AttractiveFem;4325;5.96;1.65;5.18;2.19;17
EroticMale;4460;5.6;1.61;4.94;2.09;3
EroticMale;4470;5.87;1.63;4.81;2.31;3
EroticMale;4490;6.27;1.95;6.06;2.42;2
AttractiveMan;4500;5.7;2.12;3.68;2.42;1
EroticMale;4503;6;1.52;4.93;2.35;14
AttractiveMale;4505;6.21;1.89;5.52;2.26;20
AttractiveMan;4510;5.51;2.5;3.89;2.86;1
EroticMale;4520;7.04;1.64;5.48;2.27;2
EroticMale;4520;6.16;1.54;4.8;2.25;3
AttractiveMale;4525;6.51;1.91;5.17;2.63;19
EroticMale;4530;6.19;1.82;5.31;2.4;2
EroticMale;4531;5.81;1.94;4.28;2.76;8
AttractiveMan;4532;6.4;1.78;4.15;2.44;8
AttractiveMan;4533;6.22;2.24;5.01;2.47;8
MaleDancer;4534;5.7;1.68;4.16;2.37;7
Weightlifter;4535;6.27;1.7;4.95;2.32;7
AttractiveMan;4536;6.01;1.49;3.95;2.3;9
AttractiveMan;4537;5.64;1.78;4.49;2.44;13
EroticMale;4538;5.91;2.03;4.65;2.63;14
BeachBoys;4542;6.33;1.92;5.08;2.41;16
EroticMale;4550;4.95;2.31;5;2.66;9
EroticMale;4559;5.53;1.8;4.83;2.29;15
EroticMale;4561;5.02;2.28;4.35;2.67;10
AttractiveMan;4571;5.49;1.52;3.54;2.31;10
AttractiveMan;4572;6.15;2.06;4.8;2.57;9
AttractiveMale;4573;5.49;1.6;3.96;1.94;17
AttractiveMan;4574;6.62;1.62;4.25;2.29;16
AttractiveMale;4575;6.49;1.96;4.82;2.43;18
Romance;4597;6.95;1.65;5.91;1.86;20
Couple;4598;6.33;2.76;5.53;2.39;10
Romance;4599;7.12;1.48;5.69;1.94;8
Romance;4600;6.41;1.75;4.83;2.1;17
Romance;4601;6.82;1.22;5.08;2.01;8
Romance;4603;7.1;1.58;4.89;2.26;7
EroticCouple;4604;5.98;1.76;6.09;1.87;18
Couple;4605;5.59;1.52;3.84;2.12;10
Romance;4606;6.55;1.62;5.11;2.15;8
EroticCouple;4607;7.03;1.84;6.34;2.16;7
EroticCouple;4608;7.07;1.66;6.47;1.96;7
Couple;4609;6.71;1.67;5.54;2.05;7
Romance;4610;7.29;1.74;5.1;2.29;2
EroticCouple;4611;6.62;1.82;6.04;2.11;8
Couple;4612;6.82;1.67;5.06;1.98;17
Condom;4613;5.34;1.77;4.66;2.2;10
Romance;4614;7.15;1.44;4.67;2.47;9
Romance;4616;6.86;1.52;4.43;2.07;19
EroticFemale;4617;6.6;1.57;5.19;2.1;11
Romance;4619;6.46;1.61;5.09;1.97;18
Harassment;4621;3.19;1.59;4.92;2.24;9
Romance;4622;7.46;1.61;4.11;2.3;13
Romance;4623;7.13;1.8;5.44;2.23;13
Couple;4624;6.84;1.6;5.02;2.05;14
Couple;4625;6.4;1.71;5.05;2.02;14
Wedding;4626;7.6;1.66;5.78;2.42;14
Wedding;4628;7.23;1.72;5.19;2.11;19
BikerCouple;4631;5.36;1.86;5.19;2.04;6
Prostitute;4635;3.86;1.85;4.23;2.35;10
Romance;4640;7.18;1.97;5.52;2.28;5
Romance;4641;7.2;1.59;5.43;2.1;7
EroticCouple;4643;6.84;1.54;6.01;2;16
EroticCouple;4645;6.73;1.59;5.69;2.16;16
EroticCouple;4647;5.89;1.95;6.21;2.26;15
EroticCouple;4649;5.77;2.01;5.99;2.25;16
EroticCouple;4650;6.96;1.54;5.67;2.14;2
EroticCouple;4651;6.32;2.18;6.34;2.05;8
EroticCouple;4652;6.79;2.02;6.62;2.04;8
EroticCouple;4653;6.56;1.65;5.83;2.07;8
EroticCouple;4656;6.73;1.94;6.41;2.19;11
EroticCouple;4658;6.62;1.89;6.47;2.14;9
EroticCouple;4659;6.87;1.99;6.93;2.07;7
EroticCouple;4660;7.4;1.36;6.58;1.88;3
EroticCouple;4664;6.61;2.23;6.72;2.08;7
EroticCouple;4664.1;5.63;2.61;6.63;1.87;12
Attack;4664.2;2.79;1.77;6.13;2.29;11
EroticCouple;4666;6.24;1.78;6.1;2.2;11
EroticCouple;4668;6.67;1.69;7.13;1.62;20
EroticCouple;4669;5.97;2.13;6.11;2.42;10
EroticCouple;4670;6.99;1.73;6.74;2.03;9
EroticCouple;4672;6;2.04;6.29;2.37;10
EroticCouple;4676;6.81;1.67;6.07;2.22;13
EroticCouple;4677;6.58;1.65;6.19;2.08;14
EroticCouple;4680;7.25;1.83;6.02;2.27;4
EroticCouple;4681;6.69;1.82;6.68;1.7;12
EroticCouple;4683;6.17;2.07;6.62;1.79;12
EroticCouple;4687;6.87;1.51;6.51;2.1;11
EroticCouple;4689;6.9;1.55;6.21;1.74;12
EroticCouple;4690;6.83;1.94;6.06;2.21;4
EroticCouple;4692;5.87;2.14;6.39;2.19;19
EroticCouple;4693;6.16;1.91;6.57;1.9;19
EroticCouple;4694;6.69;1.7;6.42;2.08;15
EroticCouple;4695;6.84;1.53;6.61;1.88;16
EroticCouple;4697;6.22;1.76;6.62;1.69;17
EroticCouple;4698;6.5;1.67;6.72;1.72;20
Couple;4700;6.91;1.94;4.05;1.9;6
NudeFemale;4750;5.57;1.92;4.9;2.15;3
FemaleKiss;4770;4.91;2.61;5.85;2.22;3
EroticCouple;4800;6.44;2.22;7.07;1.78;6
EroticCouple;4810;6.56;2.09;6.66;2.14;5
Flower;5000;7.08;1.77;2.67;1.99;1
Sunflower;5001;7.16;1.56;3.79;2.34;7
Flower;5010;7.14;1.5;3;2.25;1
Flower;5020;6.32;1.68;2.63;2.1;1
Flower;5030;6.51;1.73;2.74;2.13;1
Venusflytrap;5040;5.39;1.11;3.75;1.89;18
PineNeedles;5120;4.39;1.34;3.07;2.12;9
Rocks;5130;4.45;1.13;2.51;1.72;10
Garden;5199;6.93;1.91;4.7;2.52;20
Flowers;5200;7.36;1.52;3.2;2.16;3
Nature;5201;7.06;1.71;3.83;2.49;7
Garden;5202;7.25;1.44;3.73;2.22;18
Seaside;5210;8.03;1.09;4.6;2.48;18
Harbor;5215;6.83;1.7;5.4;2.15;20
Nature;5220;7.01;1.5;3.91;2.27;3
Nature;5250;6.08;2.01;3.64;2.27;4
Waterfall;5260;7.34;1.74;5.71;2.53;6
Nature;5270;7.26;1.57;5.49;2.54;5
Galaxy;5300;6.91;1.8;4.36;2.62;4
Galaxy;5301;6.54;1.68;5.21;2.42;20
Boat;5390;5.59;1.54;2.88;1.97;10
Boat;5395;5.34;1.21;4.23;2.03;12
Violinist;5410;6.11;1.58;3.29;2.09;10
Liftoff;5450;7.01;1.6;5.84;2.4;5
Cockpit;5455;5.79;1.37;4.56;2.17;11
Astronaut;5460;7.33;1.51;5.87;2.5;5
Astronaut;5470;7.35;1.62;6.02;2.26;6
Satellite;5471;5.21;1.18;3.26;2.05;16
Fireworks;5480;7.53;1.63;5.48;2.35;6
Mushroom;5500;5.42;1.58;3;2.42;1
Mushroom;5510;5.15;1.43;2.82;2.18;1
Mushroom;5520;5.33;1.49;2.95;2.42;1
Mushroom;5530;5.38;1.6;2.87;2.29;1
Mushroom;5531;5.15;1.45;3.69;2.11;7
Mushrooms;5532;5.19;1.69;3.79;2.2;7
Mushrooms;5533;5.31;1.17;3.12;1.92;8
Mushrooms;5534;4.84;1.44;3.14;2.03;8
Stilllife;5535;4.81;1.52;4.11;2.31;12
Clouds;5551;7.31;1.63;3.26;2.47;13
Sky;5593;6.47;1.57;3.98;2.31;10
Sky;5594;7.39;1.45;4.15;2.76;9
Mountains;5600;7.57;1.48;5.19;2.7;2
Mountains;5611;7.05;1.58;3.99;2.56;13
SkyDivers;5621;7.57;1.42;6.99;1.95;7
Shark;5622;6.33;1.78;5.34;1.96;8
Windsurfers;5623;7.19;1.44;5.67;2.32;8
HangGlider;5626;6.71;2.06;6.1;2.19;8
Mountains;5628;6.51;1.95;5.46;2.09;8
Hiker;5629;7.03;1.55;6.55;2.11;7
Mountains;5631;7.29;1.34;3.86;2.64;16
WinterStreet;5635;6.25;1.56;3.97;2.03;15
Mountains;5660;7.27;1.59;5.07;2.62;6
Cave;5661;5.96;1.41;4.15;2.3;14
Building;5665;6.15;1.44;4.02;1.97;17
Mountains;5700;7.61;1.46;5.68;2.33;5
Field;5711;6.62;1.65;3.03;1.96;13
Farmland;5720;6.31;1.6;2.79;2.2;5
Field;5725;7.09;1.41;3.55;2.32;18
Grain;5726;6.23;1.6;2.84;2.04;19
Flowers;5731;5.39;1.58;2.74;1.95;8
Plant;5740;5.21;1.38;2.59;1.99;10
Nature;5750;6.6;1.84;3.14;2.25;1
Nature;5760;8.05;1.23;3.22;2.39;1
Field;5764;6.74;1.64;3.55;2.32;16
Courtyard;5779;7.33;1.42;3.57;2.3;11
Nature;5780;7.52;1.45;3.75;2.54;5
Lake;5781;7.13;1.49;3.82;2.37;15
Leaves;5800;6.36;1.7;2.51;2.01;6
Flowers;5811;7.23;1.6;3.3;2.33;13
Mountain;5814;7.15;1.54;4.82;2.4;15
Mountains;5820;7.33;1.73;4.61;2.59;2
Sea;5825;8.03;1.18;5.46;2.72;17
Sunset;5829;7.65;1.42;4.68;2.45;19
Sunset;5830;8;1.48;4.92;2.65;2
Seagulls;5831;7.63;1.15;4.43;2.49;9
Beach;5833;8.22;1.08;5.71;2.66;16
Beach;5836;7.25;1.39;4.28;2.41;15
Flowers;5849;6.65;1.93;4.89;2.43;12
Clouds;5870;6.78;1.76;3.1;2.22;3
Bicyclist;5875;6.03;1.43;3.29;2.12;12
Earth;5890;6.67;1.75;4.6;2.3;3
Clouds;5891;7.22;1.46;3.29;2.57;5
Desert;5900;5.93;1.64;4.38;2.1;3
Fireworks;5910;7.8;1.23;5.59;2.55;5
Volcano;5920;5.16;1.92;6.23;2.08;3
Lava;5940;4.23;1.68;6.29;1.85;3
Lightning;5950;5.99;2.07;6.79;1.98;3
Tornado;5961;3.52;1.86;5.8;2.37;15
Tornado;5970;4.14;1.77;4.88;2.59;4
Tornado;5971;3.49;1.87;6.65;2.02;11
Tornado;5972;3.85;2.33;6.34;2.2;12
Tornado;5973;3.51;1.83;5.78;2.27;16
Sky;5982;7.61;1.48;4.51;2.85;6
Sky;5990;6.54;1.78;4.44;2.43;5
Sky;5991;6.55;2.09;4.01;2.44;6
Skyline;5994;6.8;1.75;4.61;2.31;9
Prison;6000;4.04;1.74;4.91;2.17;3
Jail;6010;3.73;1.98;3.95;1.87;4
ElectricChair;6020;3.41;1.98;5.58;2.01;4
Assault;6021;2.21;1.51;6.06;2.38;15
Assault;6022;2.14;1.55;6.09;2.47;16
Outlet;6150;5.08;1.17;3.22;2.02;3
Aimedgun;6190;3.57;1.84;5.64;2.03;4
AimedGun;6200;2.71;1.58;6.21;2.28;1
AimedGun;6200;3.2;1.62;5.82;1.99;2
AimedGun;6210;2.95;1.83;6.34;2.14;1
Attack;6211;3.62;2.07;5.9;2.22;8
Soldier;6212;2.19;1.49;6.01;2.44;8
Terrorist;6213;2.91;1.52;5.86;2.06;11
BoysW/Guns;6220;3.1;1.91;5.89;2.43;18
AimedGun;6230;2.37;1.57;7.35;2.01;2
AimedGun;6231;2.49;1.54;6.82;2.11;17
Gun;6240;3.79;1.8;5.27;2.2;20
Gun;6241;3.42;1.52;4.54;2.35;9
Gang;6242;2.69;1.59;5.43;2.36;9
AimedGun;6243;2.33;1.49;5.99;2.23;10
AimedGun;6244;3.09;1.78;5.68;2.51;9
AimedGun;6250;2.83;1.79;6.54;2.61;5
AimedGun;6250.1;2.63;1.74;6.92;1.92;12
IceCream;6250.2;6.32;1.7;5.13;2.06;11
AimedGun;6260;2.44;1.54;6.93;1.93;6
AimedGun;6263;2.48;1.53;6.62;2.23;18
Knife;6300;2.59;1.66;6.61;1.97;5
DistressedFem;6311;2.58;1.56;4.95;2.27;13
Abduction;6312;2.48;1.52;6.37;2.3;8
Attack;6313;1.98;1.38;6.94;2.23;7
Attack;6314;4.09;1.51;4.6;2.31;10
BeatenFem;6315;2.31;1.69;6.38;2.39;13
Attack;6350;1.9;1.29;7.29;1.87;5
Attack;6360;2.23;1.73;6.33;2.51;5
Attack;6370;2.7;1.52;6.44;2.19;5
AimedGun;6410;3.49;2.07;5.89;2.28;1
DeadTiger;6415;2.21;1.51;6.2;2.31;13
Attack;6510;2.46;1.58;6.96;2.09;6
Attack;6520;1.94;1.27;6.59;2.08;19
Attack;6530;2.76;1.86;6.18;2.02;6
Attack;6540;2.19;1.56;6.83;2.14;6
Attack;6550;2.73;2.38;7.09;1.98;6
Knife;6555;3.33;1.59;5.69;2.21;13
Attack;6560;2.16;1.41;6.53;2.42;5
Attack;6561;3.16;1.46;4.99;2.19;10
Attack;6562;3.19;1.34;5.08;2.39;16
Attack;6563;1.77;1.23;6.85;2.18;20
Suicide;6570;2.19;1.72;6.24;2.16;6
Suicide;6570.1;2.54;1.76;6.12;2.17;12
BlowDry;6570.2;4.86;0.95;3.85;1.93;11
CarTheft;6571;2.85;2.05;5.59;2.5;9
Gun;6610;3.6;1.79;5.06;2.39;1
Gun;6800;4.01;2.06;4.87;2.57;1
Gang;6821;2.38;1.72;6.29;2.02;10
Military;6825;2.81;1.19;5.36;2.19;15
Guns;6830;2.82;1.81;6.21;2.23;7
Police;6831;2.59;1.5;5.55;2.16;8
Police;6832;4.02;1.64;5.51;1.73;17
Police;6834;2.91;1.73;6.28;1.9;12
Police;6836;3.46;1.61;5.47;1.91;11
Police;6837;4.25;1.53;4.5;2.06;19
Police;6838;2.45;1.44;5.8;2.09;11
Police;6840;3.63;2.04;5.95;1.9;12
Aircraft;6900;4.76;2.06;5.64;2.22;2
Bomber;6910;5.31;2.28;5.62;2.46;1
Missiles;6930;4.39;1.82;4.88;2.2;2
Tank;6940;3.53;2.07;5.35;2.02;4
RollingPin;7000;5;0.84;2.42;1.79;2
Buttons;7001;5.32;1.19;3.2;2.15;17
Towel;7002;4.97;0.97;3.16;2;7
Disk;7003;5;1.22;3.07;1.98;17
Spoon;7004;5.04;0.6;2;1.66;9
Bowl;7006;4.88;0.99;2.33;1.67;8
Mug;7009;4.93;1;3.01;1.97;7
Basket;7010;4.94;1.07;1.76;1.48;1
GasCan;7011;4.52;1.16;3.81;1.67;17
Rubberbands;7012;4.98;1.05;3;1.94;17
Lightbulb;7013;4.2;1.35;4.11;2.02;19
Scissors;7014;5.15;0.97;3.25;2.03;18
Razor;7016;4.76;1.08;3.4;1.71;17
Video;7017;5.18;1.07;3.12;1.97;18
Screw;7018;4.81;0.88;3.91;1.97;20
Tools;7019;5.2;1.17;3.36;1.87;18
Fan;7020;4.97;1.04;2.17;1.71;9
Whistle;7021;5.21;1.22;4.17;2.22;20
Garbage;7023;3.8;1.71;4.17;2.13;20
Stool;7025;4.63;1.17;2.71;2.2;8
PicnicTable;7026;5.38;1.26;2.63;1.93;19
Iron;7030;4.69;1.04;2.99;2.09;6
Shoes;7031;4.52;1.11;2.03;1.51;10
Shoes;7032;4.82;1.46;3.18;1.88;19
Train;7033;5.4;1.57;3.99;2.14;19
Hammer;7034;4.95;0.87;3.06;1.95;8
Mug;7035;4.98;0.96;2.66;1.82;8
Shipyard;7036;4.88;1.08;3.32;2.04;14
Trains;7037;4.81;1.12;3.71;2.08;14
Shoes;7038;4.82;1.2;3.01;1.96;13
Train;7039;5.93;1.58;3.29;2.15;13
DustPan;7040;4.69;1.09;2.69;1.93;5
Baskets;7041;4.99;1.12;2.6;1.78;14
Barbells;7042;5.55;1.23;4.02;2.26;15
Drill;7043;5.17;1.26;3.68;2.09;16
Scale;7044;4.69;1.4;3.94;2.17;15
Zipper;7045;4.97;0.76;3.32;1.96;20
Pill;7046;4.18;1.38;4.14;2.04;16
HairDryer;7050;4.93;0.81;2.75;1.8;2
Clothespins;7052;5.33;1.32;3.01;2.02;16
Candlestick;7053;5.22;0.75;2.95;1.91;15
Glass;7054;4.14;1.09;4.08;2.13;16
Lightbulb;7055;4.9;0.64;3.02;1.83;15
Tool;7056;5.07;1.02;3.07;1.92;15
Coffeecup;7057;5.35;1.37;3.39;2.01;16
Dice;7058;5.29;1.38;3.98;2.17;15
Keyring;7059;4.93;0.81;2.73;1.88;16
TrashCan;7060;4.43;1.16;2.55;1.77;2
Puzzle;7061;5.4;1.4;3.66;1.92;17
Sewing;7062;5.27;1.06;3.4;1.94;18
Stove;7077;5.12;1.46;4.61;2.06;19
Bucket;7078;3.79;1.45;3.69;1.86;20
Waste;7079;3.81;1.43;4.47;1.89;17
Fork;7080;5.27;1.09;2.32;1.84;1
Luggage;7081;5.36;1.3;3.96;2.24;17
Book;7090;5.19;1.46;2.61;2.03;1
Scale;7092;4.05;1.46;4.38;2.05;20
Headlight;7095;5.99;1.4;4.21;2.2;12
Car;7096;5.54;1.26;3.98;1.87;11
FireHydrant;7100;5.24;1.2;2.89;1.7;3
Hammer;7110;4.55;0.93;2.27;1.7;10
Truck;7130;4.77;1.03;3.35;1.9;3
CarDamage;7135;3.17;1.57;5.36;2.14;19
CarBoot;7136;3.47;1.7;5.01;2.17;20
CarDamage;7137;4.3;1.44;4.81;1.95;20
Bus;7140;5.5;1.42;2.92;2.38;6
Umbrella;7150;4.72;1;2.61;1.76;2
Fabric;7160;5.02;1.1;3.07;2.07;9
Pole;7161;4.98;1.02;2.98;1.99;13
BathRoom;7165;6.09;1.54;3.5;2.22;19
LightBulb;7170;5.14;1.28;3.21;2.05;2
Lamp;7175;4.87;1;1.72;1.26;10
Rug;7179;5.06;1.05;2.88;1.97;14
NeonBuilding;7180;4.73;1.31;3.43;1.95;10
Checkerboard;7182;5.16;1.31;4.02;2.12;9
Checkerboard;7183;5.58;1.39;3.78;2.19;10
AbstractArt;7184;4.84;1.02;3.66;1.89;11
AbstractArt;7185;4.97;0.87;2.64;2.04;10
AbstractArt;7186;4.63;1.6;3.6;2.36;12
AbstractArt;7187;5.07;1.02;2.3;1.75;10
AbstractArt;7188;5.5;1.12;4.28;2.16;16
Clock;7190;5.55;1.34;3.84;2.06;3
Vase;7192;5.77;1.33;3.58;2.01;15
Teeth;7195;6.02;1.65;4.54;2.03;12
Brownie;7200;7.63;1.74;4.87;2.59;1
Scarves;7205;5.56;1.39;2.93;2.16;10
Beads;7207;5.15;1.46;3.57;2.25;8
Clock;7211;4.81;1.78;4.2;2.4;12
ClothesRack;7217;4.82;0.99;2.43;1.64;8
Pastry;7220;6.91;1.74;5.3;2.35;11
FileCabinets;7224;4.45;1.36;2.81;1.94;7
Turkey;7230;7.38;1.65;5.52;2.32;2
Plate;7233;5.09;1.46;2.77;1.92;7
IroningBoard;7234;4.23;1.58;2.96;1.9;7
Chair;7235;4.96;1.18;2.83;2;7
Lightbulb;7236;5.64;1.31;3.79;2.24;14
AbstractArt;7237;5.43;1.36;3.88;2.18;9
AbstractArt;7238;6.43;1.42;4.17;2.38;9
Gym;7240;6.02;1.93;5.51;2.12;20
Building;7242;5.28;1.45;3.83;2.06;16
AbstractArt;7247;5.05;1;4.14;2.23;15
AbstractArt;7248;5.22;1.07;4.22;2.11;16
AbstractArt;7249;5.24;1.04;3.97;2.08;15
Cake;7250;6.62;1.56;4.67;2.15;14
Cracker;7255;5.07;1.18;3.36;1.99;19
Torte;7260;7.21;1.66;5.11;2.19;2
IceCream;7270;7.53;1.73;5.76;2.21;2
Alcohol;7279;6.22;1.92;5.19;2.09;17
Wines;7280;7.2;1.8;4.46;2.38;2
Food;7281;6.4;1.52;4.41;2.26;8
Cake;7282;6.72;1.48;4.77;2.08;8
Fruit;7283;5.5;1.84;3.81;2.01;8
Fruit;7284;6.21;1.66;4.06;2.2;7
Tomatoes;7285;5.67;1.6;3.83;2.11;7
Pancakes;7286;6.36;1.72;4.44;2.44;7
Tomato;7287;4.77;1.48;3.57;1.98;19
Food;7289;6.32;2;5.14;2.51;11
Fish;7290;4.37;1.54;3.87;2.07;18
Chicken;7291;6.35;1.91;4.81;2.38;13
Peanuts;7300;5.64;1.22;3.25;1.97;18
Desserts;7320;6.54;1.63;4.44;2.12;3
Watermelon;7325;7.06;1.65;3.55;2.07;9
IceCream;7330;7.69;1.84;5.14;2.58;4
IceCream;7340;6.68;1.63;3.69;2.58;4
Pizza;7350;7.1;1.98;4.97;2.44;4
Pizza;7351;5.82;1.67;4.25;2.28;5
Pizza;7352;6.2;2.2;4.58;2.45;6
Garlic;7354;5.51;1.67;3.73;2.19;19
PieW/bug;7359;2.92;1.7;5.36;2.19;14
FliesOnPie;7360;3.59;1.95;5.11;2.25;4
MeatSlicer;7361;3.1;1.73;5.09;2.48;8
Meat;7365;5.2;1.57;4.13;1.93;18
RoachOnPizza;7380;2.46;1.42;5.88;2.44;6
IceCream;7390;6.84;1.73;4.56;2.28;6
Candy;7400;7;1.64;5.06;2.23;5
Pastry;7402;5.98;2.04;5.05;2.12;12
Cupcakes;7405;7.38;1.73;6.28;2.16;20
Candy;7410;6.91;1.56;4.55;2.24;5
Candy;7430;7.11;1.78;4.72;2.29;6
Cookout;7440;6.32;1.61;4.7;1.96;19
Cheeseburger;7450;6.4;2.01;5.05;2.22;5
Hamburger;7451;6.68;2.11;5.84;2.03;17
FrenchFries;7460;6.81;2.08;5.12;2.49;6
FrenchFries;7461;5.8;2.28;5.2;2.27;20
Pancakes;7470;7.08;1.6;4.64;2.26;5
Grapes;7472;6.25;1.84;4;2.37;14
Shrimp;7475;6.33;1.66;4.17;2.49;10
Ramen;7476;4.99;2.24;4.63;2.02;17
Sushi;7477;6.12;2.03;4.82;2.32;18
Pasta;7480;7.08;1.62;4.55;2.42;6
Food;7481;6.53;1.78;4.92;2.13;12
Lamb;7482;6.36;1.77;4.81;2.24;15
Fish;7484;4.99;1.97;4.24;2.23;16
Pastry;7487;4.92;1.57;4.08;2;15
Chicken;7488;6.19;1.98;4.96;2.36;16
Ferrry;7489;6.54;1.61;4.49;2.22;17
Window;7490;5.52;1.41;2.42;2.23;4
Building;7491;4.82;1.03;2.39;1.9;9
Ferry;7492;7.41;1.68;4.91;2.46;19
Man;7493;5.35;1.34;3.39;2.08;13
Store;7495;5.9;1.6;3.82;2.33;12
Street;7496;5.92;1.66;4.84;1.99;12
Crowd;7497;5.19;1.55;4.97;2.16;18
Concert;7499;6.47;1.57;5.58;2.16;18
Building;7500;5.33;1.44;3.26;2.18;2
City;7501;6.85;1.7;5.63;2.27;6
Castle;7502;7.75;1.4;5.91;2.31;7
CardDealer;7503;5.77;1.39;4.21;2.39;10
Stairs;7504;5.67;1.46;4.25;2.27;14
Cards;7505;6.1;1.53;4.72;2.06;17
Casino;7506;5.34;1.46;4.25;1.95;15
Painting;7507;6.25;1.37;3.54;1.95;18
FerrisWheel;7508;7.02;1.46;5.09;2.11;16
Paintbrush;7509;6.03;1.35;3.43;2.02;19
Skyscraper;7510;6.05;1.6;4.52;2.35;2
Chess;7512;5.38;1.22;3.72;2.07;20
Crochet;7513;5.45;1.4;3.47;2.02;20
Crowd;7515;6.19;1.33;5.48;1.98;20
Hospital;7520;3.83;1.56;4.57;1.85;17
Hospital;7521;3.92;1.61;4.38;2.1;18
House;7530;6.71;1.36;4;2.14;19
Ocean;7545;6.84;1.72;3.28;2.34;11
Bridge;7546;5.4;1.13;3.72;2.16;15
Bridge;7547;5.21;0.96;3.18;2.01;16
Office;7550;5.27;1.4;3.95;1.91;3
Freeway;7560;4.47;1.65;5.24;2.03;3
Skyline;7570;6.97;1.69;5.54;2.34;3
Desert;7580;7.51;1.6;4.59;2.72;3
Traffic;7590;4.75;1.55;3.8;2.13;9
Traffic;7595;4.55;1.46;3.77;2.22;11
Dragon;7600;5.9;1.76;5.5;1.92;12
Jet;7620;5.78;1.72;4.92;2.11;3
Airplane;7632;5.22;1.69;4.78;2.36;18
Skyscraper;7640;5;1.31;6.03;2.46;6
City;7650;6.62;1.91;6.15;2.24;20
Crowd;7660;6.61;1.7;5.59;2.23;19
Office;7700;4.25;1.45;2.95;2.17;4
Cabinet;7705;4.77;1.02;2.65;1.88;11
Bed;7710;5.42;1.58;3.44;2.21;4
Agate;7820;5.39;1.41;4.21;2.05;3
Agate;7830;5.26;1.38;4.08;2.11;3
Violin;7900;6.5;1.72;2.6;2.08;4
CarCrash;7920;4.51;1.4;3.87;2.15;8
Tissue;7950;4.94;1.21;2.28;1.81;9
Basketball;8001;6.5;1.84;5.6;2.31;17
Runner;8010;4.38;1.86;4.12;2.08;4
Skier;8021;6.79;1.44;5.67;2.37;10
Skier;8030;7.33;1.76;7.35;2.02;2
Skier;8031;6.76;1.39;5.58;2.24;8
IceSkater;8032;6.38;1.57;4.19;2.08;8
IceSkater;8033;6.66;1.52;5.01;2.15;7
Skier;8034;7.06;1.53;6.3;2.16;7
Diver;8040;6.64;1.56;5.61;2.01;4
Diver;8041;6.65;1.67;5.49;2.29;7
Rower;8050;6.24;1.49;4.31;2.12;4
Boxer;8060;5.36;2.23;5.31;1.99;4
Kickboxing;8065;5.25;1.78;5.71;2.09;20
Sailing;8080;7.73;1.34;6.65;2.2;2
Gymnast;8090;7.02;1.33;5.71;2.1;2
Football;8116;6.82;1.77;5.97;2.29;11
Hockey;8117;6.02;1.68;5.3;2.44;9
Rugby;8118;6.14;1.51;4.9;1.98;18
Athlete;8120;7.09;1.36;4.85;2.13;2
Athlete;8121;4.63;1.54;4.14;2.1;19
PoleVaulter;8130;6.58;1.34;5.49;2.07;2
Hiker;8158;6.53;1.66;6.49;2.05;20
RockClimber;8160;5.07;1.97;6.97;1.62;3
HangGlider;8161;6.71;1.64;6.09;2.24;7
HotAirBalloon;8162;6.97;1.55;4.98;2.25;7
Parachute;8163;7.14;1.61;6.53;2.21;20
Sailboat;8170;7.63;1.34;6.12;2.3;6
Cliffdiver;8178;6.5;2;6.82;2.33;13
Bungee;8179;6.48;2.18;6.99;2.35;13
CliffDivers;8180;7.12;1.88;6.59;2.12;4
Skydivers;8185;7.57;1.52;7.27;2.08;12
Skysurfer;8186;7.01;1.57;6.84;2.01;14
Skier;8190;8.1;1.39;6.28;2.57;5
IceClimber;8191;6.07;1.73;6.19;2.17;14
VolcanoSkier;8192;5.52;1.53;6.03;1.97;14
Skier;8193;6.73;1.58;6.04;2.19;13
WaterSkier;8200;7.54;1.37;6.35;1.98;3
Waterskiing;8205;6.62;1.42;4.17;1.93;15
Surfers;8206;6.43;1.75;6.41;2.19;19
Surfer;8208;6.79;1.48;5.17;2.23;19
Boat;8210;7.53;1.31;5.94;2.07;5
Sailboat;8211;5.76;1.89;5.36;2.35;13
Runners;8220;6.5;1.73;5.19;2.17;4
Boxer;8230;2.95;1.88;5.91;2.15;4
Boxer;8231;3.77;1.83;5.24;1.84;12
Boxer;8232;5.07;1.8;5.1;2.21;11
Rowing;8241;5.76;1.31;4.06;1.96;16
Motorcyclist;8250;6.19;1.62;5.04;2.49;5
Motorcycle;8251;6.16;1.68;6.05;2.12;14
Motorcyclist;8260;6.18;1.8;5.85;2.18;6
Diver;8280;6.38;1.46;5.05;2.18;6
Pilot;8300;7.02;1.6;6.14;2.21;5
Golfer;8311;5.88;1.67;3.57;2.35;6
Golf;8312;5.37;1.41;3.32;2.06;19
CarRacer;8320;6.24;1.78;4.27;2.21;6
RaceCars;8325;5.63;1.5;4.47;2.19;18
Winner;8330;6.65;1.39;4.06;2.28;5
Plane;8340;6.85;1.69;5.8;2.36;6
Wingwalker;8341;6.25;1.86;6.4;2.27;13
TennisPlayer;8350;7.18;1.56;5.18;2.28;5
Rafting;8370;7.77;1.29;6.73;2.24;5
Rafting;8371;6.82;1.45;5.12;2.3;16
Athletes;8380;7.56;1.55;5.74;2.32;6
Rafters;8400;7.09;1.52;6.61;1.86;6
Tubing;8420;7.76;1.55;5.56;2.38;6
Runner;8460;6.4;1.58;4.55;2.57;5
HappyTeens;8461;7.22;1.53;4.69;2.2;10
Runner;8465;5.96;1.49;3.93;2.34;10
Nudists;8466;4.86;1.77;4.92;2.09;15
Runners;8467;6.35;1.44;5.12;2.36;16
Gymnast;8470;7.74;1.53;6.14;2.19;6
Biking/train;8475;4.85;1.85;6.52;1.91;14
BikerOnFire;8480;3.7;2.03;6.28;2.1;4
Fire;8485;2.73;1.62;6.46;2.1;14
RollerCoaster;8490;7.2;2.35;6.68;1.97;4
Rollercoaster;8492;7.21;2.26;7.31;1.64;17
WaterSlide;8496;7.58;1.63;5.79;2.26;9
CarnivalRide;8497;7.26;1.44;4.19;2.18;10
Rollercoaster;8499;7.63;1.41;6.07;2.31;16
Gold;8500;6.96;1.64;5.6;2.4;3
Money;8501;7.91;1.66;6.44;2.29;6
Money;8502;7.51;1.72;5.78;2.49;9
Money;8503;7.02;1.71;5.22;2.59;10
SportCar;8510;7.32;1.72;4.93;2.56;4
SportCar;8531;7.03;1.5;5.41;2.15;8
Athletes;8540;7.48;1.51;5.16;2.37;5
Mascot;8600;6.38;1.61;4.26;2.24;6
Woman;8620;6.04;1.43;4.6;2.08;14
Cemetery;9000;2.55;1.55;4.06;2.25;2
Cemetery;9001;3.1;2.02;3.67;2.3;5
Memorial;9002;3.39;1.84;4.55;1.94;17
HIVTattoo;9005;3.69;2.23;5.18;2.11;8
HIVTattoo;9006;2.34;1.59;5.76;2.46;7
Needles;9007;2.49;1.41;5.03;2.32;8
Needle;9008;3.47;1.85;4.45;2.1;7
BarbedWire;9010;3.94;1.7;4.14;2.05;2
Mud;9031;3.01;1.59;4.82;1.92;17
StarvingChild;9040;1.67;1.07;5.82;2.15;2
ScaredChild;9041;2.98;1.58;4.64;2.26;9
StickThruLip;9042;3.15;1.89;5.78;2.48;10
Teeth;9043;2.52;1.42;5.5;2.41;18
NativeFem;9045;3.75;1.67;3.89;2.16;9
Family;9046;3.32;1.49;4.31;1.99;12
PlaneCrash;9050;2.43;1.61;6.36;1.97;2
Boy;9070;5.01;1.89;3.63;2.03;2
StarvingChild;9075;1.66;1.1;6.04;2.4;18
Wires;9080;4.07;1.45;4.36;2.17;2
Exhaust;9090;3.56;1.5;3.97;2.12;2
Exhaust;9090;3.69;1.92;4.8;2.23;3
Cocaine;9101;3.62;1.96;4.02;2.33;9
Heroin;9102;3.34;1.76;4.84;2.5;9
Puddle;9110;3.76;1.41;3.98;2.23;2
OilFires;9120;3.2;1.75;5.77;1.94;6
Cow;9140;2.19;1.37;5.38;2.19;2
Cow;9145;3.2;1.39;5.05;2.26;18
Matador;9150;4.54;1.82;5.31;2.12;18
Plane;9156;6.43;1.59;5.79;2.3;11
Soldier;9160;3.23;1.64;5.87;1.93;2
Soldiers;9163;2.1;1.36;6.53;2.21;19
Fisher;9171;4.01;1.94;4.72;2.17;13
Seal;9180;2.99;1.61;5.02;2.09;2
DeadCows;9181;2.26;1.85;5.39;2.41;8
Horses;9182;3.52;2.04;4.98;2.07;7
HurtDog;9183;1.69;1.1;6.58;2.12;17
InjuredDog;9184;2.47;1.52;5.75;2.43;18
DeadDog;9185;1.97;1.16;5.65;2.35;19
Vultures;9186;3.43;1.54;4.88;1.87;17
InjuredDog;9187;1.81;1.36;6.45;2.3;20
Woman;9190;3.9;1.44;3.91;1.73;2
Rain;9210;4.53;1.82;3.08;2.13;5
Cemetery;9220;2.06;1.54;4;2.09;6
OilFire;9230;3.89;1.58;5.77;2.36;5
WarVictim;9250;2.57;1.39;6.6;1.87;3
DeadBody;9252;1.98;1.59;6.64;2.33;7
Mutilation;9253;2;1.19;5.53;2.4;9
Assault;9254;2.03;1.35;6.04;2.35;15
Hands;9260;4.63;1.76;3.45;1.98;19
HungMan;9265;2.6;1.52;4.34;2.09;9
ToxicWaste;9270;3.72;1.51;5.24;2.15;3
Smoke;9280;2.8;1.54;4.26;2.44;9
Garbage;9290;2.88;1.52;4.4;2.11;4
Garbage;9291;2.93;1.19;4.38;2.05;18
Garbage;9295;2.39;1.3;5.11;2.05;17
Dirty;9300;2.26;1.76;6;2.41;4
Toilet;9301;2.26;1.56;5.28;2.46;14
Toilet;9302;2.32;1.41;5.58;2.43;18
Vomit;9320;2.65;1.92;4.93;2.7;5
Vomit;9321;2.81;2.14;6.24;2.23;19
Vomit;9322;2.24;1.24;5.73;2.28;20
Vomit;9325;1.89;1.23;6.01;2.54;17
Vomit;9326;2.21;1.3;5.89;2.35;18
Garbage;9330;2.89;1.74;4.35;2.07;5
HomelessMan;9331;2.87;1.28;3.85;2;10
CryingWoman;9332;2.25;1.33;5.34;2;20
Garbage;9340;2.41;1.48;5.16;2.35;6
Pollution;9341;3.38;1.89;4.5;2.1;13
Pollution;9342;2.85;1.41;4.49;1.88;14
EmptyPool;9360;4.03;1.38;2.63;1.75;10
Garbage;9373;3.38;1.48;5.01;2.16;7
Dishes;9390;3.67;1.58;4.14;2.52;5
Dishes;9395;3.21;1.32;4.22;2.04;17
Soldier;9400;2.5;1.61;5.99;2.15;4
Knives;9401;4.53;1.31;3.88;1.98;8
Mob;9402;4.48;2.12;5.07;2.15;8
Soldiers;9403;3.51;1.69;5.62;1.87;17
Soldiers;9404;3.71;1.67;4.67;2.26;8
SlicedHand;9405;1.83;1.17;6.08;2.4;10
MenW/guns;9409;3.34;1.76;5.61;2.15;14
Soldier;9410;1.51;1.15;7.07;2.06;4
Boy;9411;4.63;1.58;5.37;1.97;7
DeadMan;9412;1.83;1.37;6.72;2.07;19
Hanging;9413;1.76;1.08;6.81;2.09;19
Execution;9414;2.06;1.48;6.49;2.26;17
Handicapped;9415;2.82;2;4.91;2.35;8
Ticket;9417;3.16;1.48;4.83;2.24;10
Assault;9419;2.55;1.33;5.19;2.08;16
Soldier;9420;2.31;1.59;5.69;2.28;4
Soldier;9421;2.21;1.45;5.04;2.15;6
Battleship;9422;4.95;1.72;5.09;1.92;20
Assault;9423;2.61;1.51;5.66;2.15;16
Bomb;9424;2.87;1.62;5.78;2.12;16
Assault;9425;2.67;1.44;5.92;2.13;15
Assault;9426;3.08;1.51;5.28;2.02;15
Assault;9427;2.89;1.47;5.5;2.09;15
Assault;9428;2.31;1.31;5.66;2.41;15
Assault;9429;2.68;1.26;5.63;2.04;16
Burial;9430;2.63;1.59;5.26;2.55;4
Mastectomy;9432;2.56;1.66;4.92;2.28;7
DeadMan;9433;1.84;1.19;5.89;2.6;10
Accident;9435;2.27;1.47;5;2.03;13
Skulls;9440;3.67;1.86;4.55;2.02;4
Skeleton;9445;3.87;1.57;4.49;2.01;20
Gun;9452;3.19;1.98;5.14;2.3;7
Grafitti;9468;4.67;1.8;4.68;1.89;19
Building;9469;4;1.5;4.08;1.85;18
Ruins;9470;3.05;1.51;5.05;1.98;7
BurntBldg;9471;3.16;1.35;4.48;2.02;14
Bridge;9472;4.07;1.34;4.16;2;14
Skull;9480;3.51;2.08;5.57;1.87;12
Corpse;9490;3.6;1.72;5.57;2.13;5
DeadBody;9491;2.78;1.71;5.69;2.22;20
Fire;9495;3.34;1.75;5.57;2;14
Porpoises;9500;2.42;1.73;5.82;2.29;4
Kids;9520;2.46;1.61;5.41;2.27;6
Boys;9530;2.93;1.84;5.2;2.26;5
DuckInOil;9560;2.12;1.93;5.5;2.52;5
SickKitty;9561;2.68;1.92;4.79;2.29;10
Dog;9570;1.68;1.23;6.14;2.31;6
Cat;9571;1.96;1.5;5.64;2.5;7
DentalExam;9582;4.18;2.28;5.29;2.21;12
DentalExam;9584;3.34;1.57;4.96;2.15;11
Injecting;9590;3.08;1.63;5.41;2.23;17
Injection;9592;3.34;1.75;5.23;2.09;12
Injection;9594;3.76;1.7;5.17;2.17;11
Injection;9596;3.65;1.68;5.13;2.32;18
Injection;9599;3.16;1.51;5.43;2.04;20
Ship;9600;2.48;1.62;6.46;2.31;5
Accident;9610;2.89;1.43;5.23;2.14;18
PlaneCrash;9611;2.71;1.95;5.75;2.44;8
Shipwreck;9620;2.7;1.64;6.11;2.1;8
Ship;9621;3.22;1.76;5.76;2.05;7
Jet;9622;3.1;1.9;6.26;1.98;7
Fire;9623;3.04;1.51;6.05;1.88;17
Bomb;9630;2.96;1.72;6.06;2.22;6
ManOnFire;9635.1;1.9;1.31;6.54;2.27;14
Fire;9635.2;4.38;1.65;4.62;2.23;13
Trash;9700;4.77;1.24;3.21;1.92;9
Skinhead;9800;2.04;1.57;6.05;2.71;5
KKKrally;9810;2.09;1.78;6.62;2.26;6
Cigarettes;9830;2.54;1.75;4.86;2.63;6
Cigarette;9831;2.95;1.72;4.61;2.34;18
Cigarettes;9832;2.94;1.58;4.46;2.06;19
CarAccident;9900;2.46;1.39;5.58;2.13;15
CarAccident;9901;2.27;1.25;5.7;2.22;15
CarAccident;9902;2.33;1.38;6;2.15;16
CarAccident;9903;2.36;1.35;5.71;2.28;16
CarAccident;9904;2.39;1.36;6.08;2.06;19
CarAccident;9905;2.55;1.42;5.93;2.1;20
CarAccident;9908;2.34;1.49;6.63;2.13;20
BurningCar;9909;2.78;1.45;5.98;2.04;18
CarAccident;9910;2.06;1.26;6.2;2.16;5
CarAccident;9911;2.3;1.37;5.76;2.1;7
Firefighter;9912;3.46;1.76;4.68;2.31;8
Truck;9913;4.38;1.89;4.42;2.14;13
CarAccident;9920;2.5;1.52;5.76;1.96;6
Fire;9921;2.04;1.47;6.52;1.94;7
Fire;9922;2.78;1.32;5.21;2.03;20
Fire;9925;2.84;1.35;5.59;2.23;16
Flood;9926;3.85;1.59;4.83;1.95;16
Flood;9927;2.71;1.56;5.29;1.91;20
ShipWave;9930;3.12;1.53;5.71;1.88;17
Explosion;9940;1.62;1.2;7.15;2.24;20
Fire;9941;2.91;1.54;5.83;2.14;18
